customer_id,first_name,last_name,mobile_number,street,city,state,joined_date
1,Maya,Mani,6022768040,Street 4,Local Area,State,2024-04-15
2,Osha,Sachar,7501652580,Street 3,Local Area,State,2024-09-11
3,Om,Kaul,9319300868,Street 8,Local Area,State,2024-04-28
4,Mohammed,Buch,6935868570,Street 4,Local Area,State,2025-07-10
5,Anmol,Seth,8988348136,Street 2,Local Area,State,2025-01-29
6,Samesh,Khosla,7524296237,Street 1,Local Area,State,2024-12-13
7,Kalpit,Oza,7884095724,Street 8,Local Area,State,2025-08-05
8,Pranav,Gour,7225258329,Street 8,Local Area,State,2024-09-15
9,Widisha,Bose,6781165354,Street 5,Local Area,State,2025-10-05
10,Jasmit,Khatri,6618773210,Street 5,Local Area,State,2024-08-05
11,Xalak,Bala,7516851319,Street 1,Local Area,State,2024-10-12
12,Tamanna,Malhotra,8413982250,Street 8,Local Area,State,2024-03-21
13,Pavani,Kanda,6951691569,Street 4,Local Area,State,2024-02-15
14,Mohammed,Prasad,8363842005,Street 4,Local Area,State,2025-04-27
15,Dhruv,Garde,6062980262,Street 3,Local Area,State,2025-10-19
16,Matthew,Garde,9244063480,Street 2,Local Area,State,2024-06-07
17,Omkaar,Bhakta,6438214422,Street 2,Local Area,State,2024-06-25
18,Yutika,Kale,9880650072,Street 7,Local Area,State,2025-04-24
19,Balvan,Mammen,9489103972,Street 8,Local Area,State,2024-05-05
20,Hema,Pal,7120703049,Street 3,Local Area,State,2025-10-13
21,Urishilla,Bansal,6901562182,Street 1,Local Area,State,2025-01-13
22,Harini,Bhandari,6455927236,Street 5,Local Area,State,2025-09-28
23,Tejas,Krishnan,9370499022,Street 6,Local Area,State,2025-04-21
24,Rayaan,Thakur,6831876960,Street 5,Local Area,State,2025-08-03
25,Yadavi,Iyengar,6911152672,Street 5,Local Area,State,2024-07-16
26,Unni,Golla,9290680319,Street 3,Local Area,State,2024-07-07
27,Fariq,Nadig,9540089585,Street 3,Local Area,State,2024-10-11
28,Anita,Patla,9138788221,Street 7,Local Area,State,2025-10-13
29,Pooja,Sahni,7921714197,Street 7,Local Area,State,2024-01-08
30,Caleb,Sawhney,7271882843,Street 4,Local Area,State,2024-05-14
31,Daksha,Seth,7013892639,Street 6,Local Area,State,2024-09-12
32,Vihaan,Kata,6191921473,Street 2,Local Area,State,2025-08-30
33,Girik,Lata,9810458697,Street 4,Local Area,State,2025-07-04
34,Ekaraj,Keer,8499661956,Street 6,Local Area,State,2024-11-25
35,Yash,Din,9651637154,Street 1,Local Area,State,2025-09-29
36,Dipta,Sankar,8245644249,Street 3,Local Area,State,2024-05-09
37,Eiravati,Amble,6266092381,Street 1,Local Area,State,2025-07-12
38,Deepa,More,7967485733,Street 3,Local Area,State,2025-11-02
39,Chaaya,Deshpande,6888728645,Street 2,Local Area,State,2025-05-16
40,Jagvi,Shah,9145537488,Street 7,Local Area,State,2025-07-09
41,Shravya,Suri,9874226756,Street 5,Local Area,State,2024-06-13
42,Naksh,Luthra,9022351267,Street 2,Local Area,State,2025-05-25
43,Arjun,Raghavan,9454249568,Street 7,Local Area,State,2024-03-07
44,Siya,Dhar,9037894756,Street 4,Local Area,State,2025-05-19
45,Pallavi,Bhattacharyya,9240364141,Street 1,Local Area,State,2025-05-09
46,Ayaan,Chopra,9560481234,Street 6,Local Area,State,2025-11-29
47,Geetika,Magar,9294847092,Street 2,Local Area,State,2024-09-26
48,Rushil,Sandhu,6791011652,Street 5,Local Area,State,2025-11-20
49,Vidhi,Choudhary,8167189103,Street 7,Local Area,State,2025-04-12
50,Frederick,Memon,9915826368,Street 1,Local Area,State,2024-03-18
51,Mohini,Balan,8560604443,Street 8,Local Area,State,2024-04-22
52,Irya,Vaidya,7479285447,Street 5,Local Area,State,2024-10-20
53,Jagat,Kumer,8880824630,Street 6,Local Area,State,2025-05-23
54,Sathvik,Sridhar,7432258551,Street 4,Local Area,State,2024-05-18
55,Fiyaz,Sagar,9476647026,Street 5,Local Area,State,2025-12-15
56,Jairaj,Mukhopadhyay,8454737221,Street 4,Local Area,State,2025-09-24
57,Amrita,Tripathi,8157124795,Street 5,Local Area,State,2025-01-10
58,Xalak,Amble,6823371002,Street 3,Local Area,State,2024-11-29
59,Aahana,Bansal,9102439281,Street 2,Local Area,State,2024-02-26
60,Madhavi,Andra,9456189025,Street 7,Local Area,State,2024-06-17
61,Rudra,Konda,7739254509,Street 2,Local Area,State,2024-08-04
62,Nisha,Doctor,7620251464,Street 1,Local Area,State,2024-12-29
63,Naksh,Mittal,7228022758,Street 4,Local Area,State,2025-02-16
64,Reyansh,Viswanathan,9121210758,Street 5,Local Area,State,2024-08-04
65,Wahab,Tank,9166954004,Street 6,Local Area,State,2025-12-24
66,Veer,Dutta,8026850785,Street 3,Local Area,State,2025-03-04
67,Tripti,Varty,9542948944,Street 6,Local Area,State,2024-05-08
68,Urmi,Jhaveri,6836298543,Street 6,Local Area,State,2025-01-06
69,Yashvi,Nagi,6945965413,Street 8,Local Area,State,2024-02-15
70,Anthony,Rama,9725946196,Street 4,Local Area,State,2025-02-02
71,Krisha,Batra,7304281961,Street 5,Local Area,State,2025-03-06
72,Wazir,Minhas,8444411571,Street 2,Local Area,State,2025-06-08
73,Eshana,Mukhopadhyay,8783720785,Street 8,Local Area,State,2025-12-16
74,Yadavi,Sami,7443739892,Street 7,Local Area,State,2024-05-31
75,Zaid,Som,7843493976,Street 3,Local Area,State,2025-04-04
76,Onkar,Dave,9919318090,Street 3,Local Area,State,2024-05-09
77,Fariq,Wali,9890726303,Street 7,Local Area,State,2025-10-06
78,Anthony,Mangal,8684562622,Street 2,Local Area,State,2025-11-07
79,Kamala,Swamy,9977112030,Street 6,Local Area,State,2025-03-08
80,Rudra,Barad,8424611636,Street 8,Local Area,State,2024-09-25
81,Maanav,Soman,7264684250,Street 6,Local Area,State,2024-08-16
82,Samuel,Shere,8642813425,Street 5,Local Area,State,2025-03-21
83,Chanchal,Nanda,8083087997,Street 5,Local Area,State,2024-08-05
84,Anjali,Ramesh,7636667686,Street 1,Local Area,State,2024-04-12
85,Rishi,Munshi,8703193427,Street 6,Local Area,State,2025-11-12
86,Ijaya,Rau,8828487319,Street 3,Local Area,State,2024-11-11
87,Faraj,Date,7879983705,Street 8,Local Area,State,2025-04-13
88,Chakradev,Ravel,8665891208,Street 6,Local Area,State,2024-07-04
89,Warhi,Sama,7664761009,Street 2,Local Area,State,2024-02-24
90,Fariq,Basak,6253396557,Street 7,Local Area,State,2026-01-07
91,Amruta,Banerjee,6869262423,Street 6,Local Area,State,2024-11-05
92,Banjeet,Narain,8029980269,Street 1,Local Area,State,2025-08-11
93,Rohan,Buch,8215072283,Street 3,Local Area,State,2024-11-16
94,Bakhshi,Gulati,6299571813,Street 4,Local Area,State,2025-11-09
95,Udarsh,Gulati,8021410435,Street 8,Local Area,State,2025-09-27
96,Hemal,Bava,7907854904,Street 7,Local Area,State,2024-06-13
97,Quincy,Chakrabarti,9649006026,Street 6,Local Area,State,2024-11-20
98,Upasna,Oak,9954607867,Street 4,Local Area,State,2025-08-18
99,Oviya,Karnik,9423440463,Street 3,Local Area,State,2025-08-06
100,Owen,Kurian,9080078555,Street 6,Local Area,State,2024-01-11
101,Omaja,Luthra,6489490231,Street 4,Local Area,State,2026-01-04
102,Chanakya,Rajagopal,7621837588,Street 1,Local Area,State,2024-06-26
103,Rushil,Parekh,8027931160,Street 1,Local Area,State,2025-01-10
104,Oeshi,Garg,6724337750,Street 1,Local Area,State,2024-01-02
105,Chaaya,Behl,7166264427,Street 2,Local Area,State,2026-01-26
106,Udyati,Ramachandran,8426460350,Street 5,Local Area,State,2024-04-23
107,Kamya,Dhillon,7772144152,Street 6,Local Area,State,2025-02-20
108,Finn,Khanna,6374403446,Street 5,Local Area,State,2024-06-20
109,Urmi,Nazareth,6491946341,Street 7,Local Area,State,2026-01-13
110,Kavya,Modi,9533331515,Street 6,Local Area,State,2024-07-26
111,Mekhala,Kumer,8788211676,Street 3,Local Area,State,2024-05-20
112,Bhavika,Rai,9455686939,Street 6,Local Area,State,2024-02-25
113,Gayathri,Anne,7446753040,Street 6,Local Area,State,2025-03-19
114,Devika,Madan,8088654578,Street 8,Local Area,State,2024-10-11
115,Varenya,Sastry,7341018375,Street 3,Local Area,State,2025-02-10
116,Yashasvi,Chaudhari,6244513243,Street 1,Local Area,State,2024-05-18
117,Mitesh,Dubey,8006276983,Street 3,Local Area,State,2024-08-09
118,Pratyush,Patel,8366170563,Street 3,Local Area,State,2025-03-06
119,Simon,Rajagopal,6643312942,Street 3,Local Area,State,2025-11-07
120,Omaja,Narula,7081788037,Street 3,Local Area,State,2025-07-28
121,Xiti,Shankar,9116697037,Street 8,Local Area,State,2024-04-18
122,Hardik,Luthra,8772297916,Street 8,Local Area,State,2025-02-18
123,Rayaan,Jayaraman,9775411680,Street 8,Local Area,State,2025-07-05
124,Vrinda,Madan,8518827291,Street 7,Local Area,State,2025-12-24
125,Forum,Sanghvi,6924300529,Street 6,Local Area,State,2024-04-23
126,Qadim,Bail,7098671286,Street 3,Local Area,State,2024-07-18
127,Girish,Patil,9400285751,Street 5,Local Area,State,2025-02-21
128,George,Chadha,7304741950,Street 4,Local Area,State,2025-08-10
129,Panini,Nair,7203516539,Street 1,Local Area,State,2026-01-03
130,Omya,Parikh,9803373026,Street 2,Local Area,State,2025-11-27
131,Sathvik,Chakraborty,8133686941,Street 3,Local Area,State,2025-09-02
132,Ayaan,Kunda,6790278333,Street 8,Local Area,State,2024-12-05
133,Yashoda,Soman,8062806274,Street 7,Local Area,State,2024-05-18
134,Oviya,Bassi,9839449587,Street 2,Local Area,State,2026-01-24
135,Gautam,Chawla,9685306364,Street 8,Local Area,State,2025-08-01
136,Tanay,Thaman,8479646706,Street 7,Local Area,State,2025-01-01
137,Krisha,Balan,8571086412,Street 6,Local Area,State,2025-01-07
138,Chanakya,Chander,8356693755,Street 7,Local Area,State,2025-08-08
139,Xavier,Atwal,8621743522,Street 8,Local Area,State,2024-06-12
140,Oviya,Krishnan,7929418484,Street 2,Local Area,State,2024-09-10
141,Yauvani,Nadkarni,8675221771,Street 6,Local Area,State,2025-12-19
142,Daksha,Sunder,7121705385,Street 2,Local Area,State,2024-10-16
143,Jagdish,Mani,6397578096,Street 8,Local Area,State,2025-12-04
144,Vincent,Andra,9638761949,Street 1,Local Area,State,2025-06-10
145,Dominic,Shanker,6531929520,Street 4,Local Area,State,2024-11-11
146,Ikbal,Vyas,8135519167,Street 6,Local Area,State,2025-11-18
147,Veer,Yogi,6800656746,Street 8,Local Area,State,2024-01-02
148,Nakul,Mander,8632844614,Street 8,Local Area,State,2024-11-12
149,Alexander,Vaidya,7318393375,Street 2,Local Area,State,2025-06-24
150,Mohini,Bora,8214109849,Street 3,Local Area,State,2024-06-02
151,Libni,Bawa,8971194840,Street 7,Local Area,State,2025-11-02
152,Dayamai,Mangal,9923048645,Street 2,Local Area,State,2024-08-02
153,Amara,Sule,9123400532,Street 7,Local Area,State,2026-01-26
154,Vasatika,Prabhakar,9729619373,Street 6,Local Area,State,2025-09-30
155,Lopa,Shankar,7155013446,Street 3,Local Area,State,2024-08-08
156,Kabir,Boase,8933685554,Street 5,Local Area,State,2024-12-01
157,Raksha,Patla,9836957760,Street 8,Local Area,State,2025-04-27
158,Arya,Sampath,8977575166,Street 7,Local Area,State,2024-02-27
159,Jai,Wable,7825714442,Street 8,Local Area,State,2025-12-27
160,Aditya,Kari,6755943945,Street 6,Local Area,State,2025-06-23
161,Jeremiah,Kamdar,8612529222,Street 8,Local Area,State,2025-05-14
162,Sanaya,Wali,8459725583,Street 6,Local Area,State,2024-03-11
163,Gaurav,Raval,7227342425,Street 5,Local Area,State,2024-11-08
164,Bahadurjit,Ben,7172092213,Street 8,Local Area,State,2025-04-10
165,Yamini,Kamdar,6619916846,Street 5,Local Area,State,2024-11-24
166,Yauvani,Goel,8207627809,Street 7,Local Area,State,2025-04-14
167,Unni,Chahal,7908717820,Street 5,Local Area,State,2024-05-05
168,Daniel,Sangha,6934658152,Street 2,Local Area,State,2024-01-02
169,Suhani,Nazareth,8142177571,Street 7,Local Area,State,2025-04-28
170,Devika,Luthra,9506113222,Street 5,Local Area,State,2026-01-11
171,Tanmayi,Bail,8370660134,Street 5,Local Area,State,2025-01-10
172,Chandani,Bhat,6693294493,Street 8,Local Area,State,2024-10-17
173,Bhavika,Deo,7765755391,Street 4,Local Area,State,2024-08-20
174,Anamika,Master,7184674840,Street 3,Local Area,State,2025-11-19
175,Tanish,Sem,9404873875,Street 1,Local Area,State,2025-12-15
176,Divya,Jayaraman,9309909047,Street 7,Local Area,State,2025-07-08
177,Nathan,Bora,8938936656,Street 6,Local Area,State,2024-07-08
178,Anirudh,Khatri,6155720026,Street 7,Local Area,State,2025-08-08
179,Falguni,Dhaliwal,9823297184,Street 1,Local Area,State,2025-07-28
180,Lila,Sehgal,7210570742,Street 4,Local Area,State,2024-01-18
181,Devansh,Ramaswamy,6192955782,Street 3,Local Area,State,2024-06-06
182,Jeevika,Kannan,7425571650,Street 6,Local Area,State,2024-12-21
183,Orinder,Ahluwalia,9734137483,Street 3,Local Area,State,2024-07-25
184,Chanchal,Dayal,9959512269,Street 6,Local Area,State,2024-03-09
185,Udarsh,Sridhar,6580360085,Street 4,Local Area,State,2024-07-24
186,Omaja,Rai,9293921777,Street 4,Local Area,State,2025-10-18
187,Ranveer,Krish,7323246338,Street 8,Local Area,State,2025-07-23
188,Luke,Bhatt,6877323087,Street 1,Local Area,State,2024-04-04
189,Amol,Shetty,8557212525,Street 6,Local Area,State,2025-03-01
190,Zarna,Dayal,8747747315,Street 3,Local Area,State,2025-02-01
191,Lopa,Kota,6580800160,Street 3,Local Area,State,2024-09-26
192,Wriddhish,Ahluwalia,6240699605,Street 7,Local Area,State,2024-08-27
193,Nitesh,Bhattacharyya,6075256491,Street 2,Local Area,State,2024-06-28
194,Samuel,Rau,7262370942,Street 4,Local Area,State,2024-02-23
195,Ekaraj,Patil,8686870350,Street 1,Local Area,State,2026-01-12
196,Hritik,Patla,7086399892,Street 8,Local Area,State,2025-02-28
197,Indrajit,Krishnan,8009850939,Street 3,Local Area,State,2024-07-02
198,Anika,Ghosh,9925586537,Street 2,Local Area,State,2024-03-17
199,Barkha,Ramanathan,8048379370,Street 5,Local Area,State,2025-03-24
200,Ishita,Subramaniam,9439466067,Street 2,Local Area,State,2025-04-08
201,Luke,Shah,6237133094,Street 5,Local Area,State,2024-12-12
202,Brijesh,Tailor,6114540305,Street 6,Local Area,State,2025-01-21
203,Zilmil,Kata,9047759256,Street 3,Local Area,State,2025-11-06
204,Yasti,Sarna,7221122739,Street 8,Local Area,State,2025-03-28
205,Bhanumati,Bajaj,7410383844,Street 3,Local Area,State,2025-10-28
206,Teerth,Karan,8392399264,Street 4,Local Area,State,2026-01-17
207,Joshua,Khurana,8383155565,Street 8,Local Area,State,2024-06-28
208,Arunima,Deo,7426874462,Street 3,Local Area,State,2024-12-30
209,Radha,Dada,9709445965,Street 6,Local Area,State,2024-10-15
210,Raagini,Raj,6126165669,Street 6,Local Area,State,2025-01-16
211,Anvi,Saini,9102756234,Street 3,Local Area,State,2025-09-27
212,Alexander,Sarin,8942908733,Street 4,Local Area,State,2025-06-17
213,Quincy,Batra,9307400703,Street 2,Local Area,State,2024-07-20
214,Nisha,Bhardwaj,7975534476,Street 3,Local Area,State,2024-12-08
215,Libni,Date,9378440227,Street 2,Local Area,State,2024-12-02
216,Ishaan,Chopra,6753116493,Street 7,Local Area,State,2024-12-06
217,Rachana,Dugar,9538687260,Street 3,Local Area,State,2025-07-30
218,Chaman,Mukhopadhyay,8131654131,Street 3,Local Area,State,2024-11-02
219,Aditya,Ravi,7413403018,Street 8,Local Area,State,2024-03-04
220,Shaurya,Bhasin,9648400722,Street 5,Local Area,State,2025-10-20
221,Rachit,Ben,7757455259,Street 1,Local Area,State,2024-11-08
222,Alka,Karan,9591872943,Street 2,Local Area,State,2026-01-05
223,Libni,Nadkarni,9818276864,Street 3,Local Area,State,2025-02-18
224,Shivansh,Gokhale,7885551925,Street 2,Local Area,State,2026-01-10
225,Hemangini,Mahal,7979981827,Street 4,Local Area,State,2025-04-21
226,Finn,Mani,9452446805,Street 5,Local Area,State,2025-08-03
227,Rajata,Chandra,8445880966,Street 2,Local Area,State,2025-10-09
228,Advaith,Oza,9242283554,Street 6,Local Area,State,2024-07-04
229,Yagnesh,Thaman,6068091494,Street 3,Local Area,State,2024-12-07
230,Hardik,Sridhar,8192623913,Street 5,Local Area,State,2025-03-30
231,Harsh,Nagarajan,7400205540,Street 6,Local Area,State,2025-01-01
232,Megha,Kale,6941037138,Street 3,Local Area,State,2024-08-11
233,Jacob,Mani,9771915064,Street 4,Local Area,State,2024-05-26
234,Arin,Devi,7964281173,Street 7,Local Area,State,2025-05-17
235,Rayaan,Sibal,8726267290,Street 5,Local Area,State,2025-10-03
236,Sarthak,Mangal,7557208941,Street 8,Local Area,State,2024-11-22
237,Tanvi,Ramakrishnan,6599918536,Street 8,Local Area,State,2025-11-21
238,Charan,Deshmukh,6002007565,Street 7,Local Area,State,2025-12-24
239,Sanaya,Andra,9705623528,Street 6,Local Area,State,2024-02-20
240,Warda,Bhatia,9576634922,Street 7,Local Area,State,2025-05-13
241,Falak,Sampath,6463771771,Street 6,Local Area,State,2024-11-23
242,Daniel,Balakrishnan,8117287082,Street 2,Local Area,State,2025-05-10
243,Wahab,Cheema,8750434532,Street 2,Local Area,State,2024-04-20
244,Chatresh,Narasimhan,6250824319,Street 1,Local Area,State,2024-11-18
245,Wridesh,Wagle,9229385160,Street 4,Local Area,State,2025-02-01
246,Chanakya,Bail,6904283502,Street 5,Local Area,State,2024-11-04
247,Harinakshi,Varma,7454719720,Street 7,Local Area,State,2024-05-25
248,Onveer,Srivastava,6238890687,Street 2,Local Area,State,2025-03-15
249,Tripti,Wason,7524097098,Street 7,Local Area,State,2024-09-23
250,Qadim,Yogi,8475563506,Street 3,Local Area,State,2024-09-12
251,Radhika,Lall,7289383429,Street 3,Local Area,State,2025-12-11
252,Janani,Yohannan,6114459232,Street 2,Local Area,State,2024-06-13
253,Krisha,Chauhan,6168608302,Street 6,Local Area,State,2024-10-21
254,Isaiah,Viswanathan,9562904472,Street 8,Local Area,State,2025-08-07
255,Bhavani,Choudhary,6810891836,Street 2,Local Area,State,2025-11-04
256,Dominic,Nadkarni,8909168088,Street 2,Local Area,State,2024-07-26
257,Varenya,Nori,6909474343,Street 3,Local Area,State,2024-07-20
258,Dhruv,Sandhu,8280622450,Street 5,Local Area,State,2024-06-17
259,Gautami,Narang,9118568797,Street 6,Local Area,State,2026-01-15
260,Ekansh,Chanda,9549531328,Street 5,Local Area,State,2026-01-11
261,Mohini,Venkataraman,6843521225,Street 1,Local Area,State,2025-12-16
262,Indira,Mittal,7593991237,Street 6,Local Area,State,2024-10-12
263,Sachi,Ghose,6735198895,Street 3,Local Area,State,2024-09-17
264,Leela,Kalita,9006043683,Street 3,Local Area,State,2024-03-01
265,Rajata,Toor,8017115307,Street 7,Local Area,State,2024-02-10
266,Sai,Kamdar,6339746437,Street 6,Local Area,State,2024-07-10
267,Upasna,Ramaswamy,7683721075,Street 1,Local Area,State,2025-04-27
268,Jeremiah,Gala,7699259172,Street 6,Local Area,State,2025-03-04
269,Frado,Amble,7698673026,Street 6,Local Area,State,2024-09-09
270,Advik,Khare,8770441483,Street 7,Local Area,State,2024-10-03
271,Falguni,Sem,6875724700,Street 5,Local Area,State,2025-06-15
272,Avi,Iyer,6013758056,Street 8,Local Area,State,2025-08-09
273,Unni,Nayar,6466403945,Street 5,Local Area,State,2024-02-03
274,Chaaya,Golla,8203540008,Street 8,Local Area,State,2024-03-13
275,Wakeeta,Dani,7026941748,Street 5,Local Area,State,2025-02-04
276,Udyati,Dhaliwal,6633310428,Street 1,Local Area,State,2024-09-21
277,Azaan,Palan,7760359558,Street 7,Local Area,State,2024-12-16
278,Aayush,Ahluwalia,9522380555,Street 3,Local Area,State,2024-04-23
279,Anika,Nazareth,6949121006,Street 4,Local Area,State,2025-04-03
280,Baljiwan,Mitter,7829903332,Street 8,Local Area,State,2025-02-28
281,Bahadurjit,Saha,6765441579,Street 2,Local Area,State,2025-01-17
282,Oliver,Bali,6788826541,Street 7,Local Area,State,2024-05-18
283,Omya,Narayanan,7664386042,Street 6,Local Area,State,2025-07-09
284,Tarak,Trivedi,6373886923,Street 8,Local Area,State,2025-04-15
285,Aarini,Ramanathan,8246128778,Street 1,Local Area,State,2025-04-07
286,Farhan,Devi,7074755182,Street 1,Local Area,State,2024-06-18
287,Raagini,Tank,7003134396,Street 4,Local Area,State,2026-01-13
288,Anita,Walla,8449453828,Street 2,Local Area,State,2025-05-22
289,Samuel,De,8008722226,Street 1,Local Area,State,2025-08-03
290,Faras,Morar,6411826977,Street 5,Local Area,State,2025-12-05
291,Simon,Magar,9884235650,Street 6,Local Area,State,2024-02-03
292,Ronith,Doshi,8210968278,Street 5,Local Area,State,2025-05-18
293,Gaurav,Dhingra,7178886667,Street 8,Local Area,State,2024-12-27
294,Dominic,Saraf,8243075172,Street 8,Local Area,State,2025-02-03
295,Omaja,Comar,8588810128,Street 3,Local Area,State,2024-08-03
296,Gunbir,Gill,8622848354,Street 2,Local Area,State,2024-05-31
297,Pavani,Mishra,9065641165,Street 7,Local Area,State,2025-01-06
298,Faras,Bassi,6819398918,Street 3,Local Area,State,2024-03-02
299,Rachita,Gour,6461602717,Street 8,Local Area,State,2024-06-13
300,Ekanta,Trivedi,6144440579,Street 6,Local Area,State,2024-10-14
301,Tripti,Sama,7007283153,Street 2,Local Area,State,2024-02-08
302,Osha,Oza,6227538939,Street 6,Local Area,State,2024-01-27
303,Ikbal,Ganesan,7198029205,Street 2,Local Area,State,2025-07-08
304,Aahana,Sami,8773676501,Street 1,Local Area,State,2025-03-26
305,Vihaan,Nayar,6643541663,Street 2,Local Area,State,2024-06-19
306,Amruta,Sehgal,8674856274,Street 4,Local Area,State,2025-05-27
307,Wriddhish,Bala,8893415964,Street 4,Local Area,State,2025-03-24
308,Siddharth,Khosla,6001549707,Street 5,Local Area,State,2024-09-03
309,Omisha,Chaudhuri,7492088836,Street 7,Local Area,State,2025-10-24
310,Jeevika,Mitra,6070861346,Street 2,Local Area,State,2025-11-26
311,Jeremiah,Mannan,8814923876,Street 3,Local Area,State,2025-04-04
312,Quincy,Kapoor,6179819454,Street 7,Local Area,State,2026-01-12
313,Vansha,Kapur,8688784484,Street 2,Local Area,State,2025-06-04
314,Anika,Nadkarni,8608577298,Street 2,Local Area,State,2025-05-16
315,Jagdish,Ranganathan,9623638590,Street 3,Local Area,State,2024-06-23
316,Jagrati,Narasimhan,9880429026,Street 7,Local Area,State,2024-08-18
317,Amrita,Bhargava,7045043970,Street 7,Local Area,State,2024-11-21
318,Champak,Savant,9058796856,Street 8,Local Area,State,2025-01-30
319,Baljiwan,Saraf,8302456467,Street 2,Local Area,State,2025-12-21
320,Bhavini,Deep,6723892570,Street 3,Local Area,State,2026-01-04
321,Kalpit,Hegde,9177161934,Street 4,Local Area,State,2025-10-07
322,Ronith,Mall,8149857469,Street 3,Local Area,State,2024-04-09
323,Vedika,Ratti,9075459796,Street 3,Local Area,State,2024-04-23
324,Ishita,Walia,7166384662,Street 7,Local Area,State,2025-11-20
325,Nitesh,Kohli,8941477278,Street 4,Local Area,State,2024-07-25
326,Aryan,Khare,7276917915,Street 6,Local Area,State,2025-04-03
327,Jhalak,Pillai,6755976858,Street 7,Local Area,State,2025-09-01
328,Suhani,Srinivas,6501617122,Street 1,Local Area,State,2024-12-28
329,Qabil,Virk,8253466526,Street 7,Local Area,State,2025-08-22
330,Ubika,Kuruvilla,7576603476,Street 1,Local Area,State,2025-12-31
331,Farhan,Deshmukh,6728842673,Street 4,Local Area,State,2026-01-13
332,Isaiah,Bath,7216115345,Street 3,Local Area,State,2025-10-10
333,Inaya,Subramaniam,7523711309,Street 5,Local Area,State,2024-03-11
334,Faraj,Mann,9750759571,Street 7,Local Area,State,2025-08-12
335,Ganga,Bath,6386329645,Street 1,Local Area,State,2026-01-01
336,Lohit,Chakraborty,6649669639,Street 2,Local Area,State,2024-06-28
337,Tejas,Gole,9270575542,Street 4,Local Area,State,2024-08-11
338,Vyanjana,Mane,8591950067,Street 7,Local Area,State,2024-12-22
339,Ekaja,Banerjee,6288748060,Street 6,Local Area,State,2024-12-15
340,Arya,Sahni,6007552236,Street 7,Local Area,State,2024-04-13
341,Vinaya,Sule,8065667570,Street 2,Local Area,State,2025-01-03
342,Barkha,Wali,8730743645,Street 3,Local Area,State,2024-03-18
343,Umang,Sabharwal,9782628986,Street 1,Local Area,State,2025-06-04
344,Dalbir,Chokshi,7105593793,Street 7,Local Area,State,2024-07-23
345,Ridhi,Chawla,7128117889,Street 8,Local Area,State,2025-12-30
346,Kiaan,Mistry,6200743161,Street 2,Local Area,State,2025-09-23
347,Amruta,Shukla,7346355334,Street 1,Local Area,State,2024-04-30
348,Rohan,Brar,8227481784,Street 6,Local Area,State,2025-05-11
349,Madhavi,Contractor,8416028817,Street 2,Local Area,State,2025-05-30
350,Wyatt,Kohli,6886857202,Street 8,Local Area,State,2025-05-15
